<?xml version="1.0" encoding="UTF-8" ?>
<!-- This is a WordPress eXtended RSS file generated by WordPress as an export of your site. -->
<!-- It contains information about your site's posts, pages, comments, categories, and other content. -->
<!-- You may use this file to transfer that content from one site to another. -->
<!-- This file is not intended to serve as a complete backup of your site. -->

<!-- To import this information into a WordPress site follow these steps: -->
<!-- 1. Log in to that site as an administrator. -->
<!-- 2. Go to Tools: Import in the WordPress admin panel. -->
<!-- 3. Install the "WordPress" importer from the list. -->
<!-- 4. Activate & Run Importer. -->
<!-- 5. Upload this file using the form provided on that page. -->
<!-- 6. You will first be asked to map the authors in this export file to users -->
<!--    on the site. For each author, you may choose to map to an -->
<!--    existing user on the site or to create a new user. -->
<!-- 7. WordPress will then import each of the posts, pages, comments, categories, etc. -->
<!--    contained in this file into your site. -->

<!-- generator="WordPress/4.9.4" created="2018-03-05 07:53" -->
<rss version="2.0"
	xmlns:excerpt="http://wordpress.org/export/1.2/excerpt/"
	xmlns:content="http://purl.org/rss/1.0/modules/content/"
	xmlns:wfw="http://wellformedweb.org/CommentAPI/"
	xmlns:dc="http://purl.org/dc/elements/1.1/"
	xmlns:wp="http://wordpress.org/export/1.2/"
>

<channel>
	<title>Remedial</title>
	<link>http://localhost/free/demo/remedial</link>
	<description>Just another WordPress site</description>
	<pubDate>Mon, 05 Mar 2018 07:53:17 +0000</pubDate>
	<language>en-US</language>
	<wp:wxr_version>1.2</wp:wxr_version>
	<wp:base_site_url>http://localhost/free/demo/remedial</wp:base_site_url>
	<wp:base_blog_url>http://localhost/free/demo/remedial</wp:base_blog_url>

	<wp:author><wp:author_id>1</wp:author_id><wp:author_login><![CDATA[venkat]]></wp:author_login><wp:author_email><![CDATA[premalatha@webulous.in]]></wp:author_email><wp:author_display_name><![CDATA[venkat]]></wp:author_display_name><wp:author_first_name><![CDATA[]]></wp:author_first_name><wp:author_last_name><![CDATA[]]></wp:author_last_name></wp:author>

	<wp:category>
		<wp:term_id>2</wp:term_id>
		<wp:category_nicename><![CDATA[slider]]></wp:category_nicename>
		<wp:category_parent><![CDATA[]]></wp:category_parent>
		<wp:cat_name><![CDATA[slider]]></wp:cat_name>
	</wp:category>
	<wp:category>
		<wp:term_id>1</wp:term_id>
		<wp:category_nicename><![CDATA[uncategorized]]></wp:category_nicename>
		<wp:category_parent><![CDATA[]]></wp:category_parent>
		<wp:cat_name><![CDATA[Uncategorized]]></wp:cat_name>
	</wp:category>
	<wp:term>
		<wp:term_id><![CDATA[3]]></wp:term_id>
		<wp:term_taxonomy><![CDATA[nav_menu]]></wp:term_taxonomy>
		<wp:term_slug><![CDATA[primary-menu]]></wp:term_slug>
		<wp:term_parent><![CDATA[]]></wp:term_parent>
		<wp:term_name><![CDATA[Primary Menu]]></wp:term_name>
	</wp:term>
	<wp:term>
		<wp:term_id><![CDATA[2]]></wp:term_id>
		<wp:term_taxonomy><![CDATA[category]]></wp:term_taxonomy>
		<wp:term_slug><![CDATA[slider]]></wp:term_slug>
		<wp:term_parent><![CDATA[]]></wp:term_parent>
		<wp:term_name><![CDATA[slider]]></wp:term_name>
	</wp:term>
	<wp:term>
		<wp:term_id><![CDATA[1]]></wp:term_id>
		<wp:term_taxonomy><![CDATA[category]]></wp:term_taxonomy>
		<wp:term_slug><![CDATA[uncategorized]]></wp:term_slug>
		<wp:term_parent><![CDATA[]]></wp:term_parent>
		<wp:term_name><![CDATA[Uncategorized]]></wp:term_name>
	</wp:term>
	<wp:term><wp:term_id>3</wp:term_id><wp:term_taxonomy>nav_menu</wp:term_taxonomy><wp:term_slug><![CDATA[primary-menu]]></wp:term_slug><wp:term_name><![CDATA[Primary Menu]]></wp:term_name>
</wp:term>

	<generator>https://wordpress.org/?v=4.9.4</generator>

	<item>
		<title>Sample Page</title>
		<link>http://localhost/free/demo/remedial/sample-page/</link>
		<pubDate>Mon, 05 Mar 2018 06:44:39 +0000</pubDate>
		<dc:creator><![CDATA[venkat]]></dc:creator>
		<guid isPermaLink="false">http://localhost/free/demo/remedial/?page_id=2</guid>
		<description></description>
		<content:encoded><![CDATA[This is an example page. It's different from a blog post because it will stay in one place and will show up in your site navigation (in most themes). Most people start with an About page that introduces them to potential site visitors. It might say something like this:

<blockquote>Hi there! I'm a bike messenger by day, aspiring actor by night, and this is my website. I live in Los Angeles, have a great dog named Jack, and I like pi&#241;a coladas. (And gettin' caught in the rain.)</blockquote>

...or something like this:

<blockquote>The XYZ Doohickey Company was founded in 1971, and has been providing quality doohickeys to the public ever since. Located in Gotham City, XYZ employs over 2,000 people and does all kinds of awesome things for the Gotham community.</blockquote>

As a new WordPress user, you should go to <a href="http://localhost/free/demo/remedial/wp-admin/">your dashboard</a> to delete this page and create new pages for your content. Have fun!]]></content:encoded>
		<excerpt:encoded><![CDATA[]]></excerpt:encoded>
		<wp:post_id>2</wp:post_id>
		<wp:post_date><![CDATA[2018-03-05 06:44:39]]></wp:post_date>
		<wp:post_date_gmt><![CDATA[2018-03-05 06:44:39]]></wp:post_date_gmt>
		<wp:comment_status><![CDATA[closed]]></wp:comment_status>
		<wp:ping_status><![CDATA[open]]></wp:ping_status>
		<wp:post_name><![CDATA[sample-page]]></wp:post_name>
		<wp:status><![CDATA[publish]]></wp:status>
		<wp:post_parent>0</wp:post_parent>
		<wp:menu_order>0</wp:menu_order>
		<wp:post_type><![CDATA[page]]></wp:post_type>
		<wp:post_password><![CDATA[]]></wp:post_password>
		<wp:is_sticky>0</wp:is_sticky>
		<wp:postmeta>
			<wp:meta_key><![CDATA[_wp_page_template]]></wp:meta_key>
			<wp:meta_value><![CDATA[default]]></wp:meta_value>
		</wp:postmeta>
	</item>
	<item>
		<title>Sample Page</title>
		<link>http://localhost/free/demo/remedial/sample-page-2/</link>
		<pubDate>Mon, 30 Oct 2017 05:56:20 +0000</pubDate>
		<dc:creator><![CDATA[venkat]]></dc:creator>
		<guid isPermaLink="false">http://localhost/allthemes/free/free-demo/?page_id=2</guid>
		<description></description>
		<content:encoded><![CDATA[This is an example page. It's different from a blog post because it will stay in one place and will show up in your site navigation (in most themes). Most people start with an About page that introduces them to potential site visitors. It might say something like this:

<blockquote>Hi there! I'm a bike messenger by day, aspiring actor by night, and this is my website. I live in Los Angeles, have a great dog named Jack, and I like pi&#241;a coladas. (And gettin' caught in the rain.)</blockquote>

...or something like this:

<blockquote>The XYZ Doohickey Company was founded in 1971, and has been providing quality doohickeys to the public ever since. Located in Gotham City, XYZ employs over 2,000 people and does all kinds of awesome things for the Gotham community.</blockquote>

As a new WordPress user, you should go to <a href="http://localhost/allthemes/free/free-demo/wp-admin/">your dashboard</a> to delete this page and create new pages for your content. Have fun!]]></content:encoded>
		<excerpt:encoded><![CDATA[]]></excerpt:encoded>
		<wp:post_id>6</wp:post_id>
		<wp:post_date><![CDATA[2017-10-30 05:56:20]]></wp:post_date>
		<wp:post_date_gmt><![CDATA[2017-10-30 05:56:20]]></wp:post_date_gmt>
		<wp:comment_status><![CDATA[closed]]></wp:comment_status>
		<wp:ping_status><![CDATA[open]]></wp:ping_status>
		<wp:post_name><![CDATA[sample-page-2]]></wp:post_name>
		<wp:status><![CDATA[publish]]></wp:status>
		<wp:post_parent>0</wp:post_parent>
		<wp:menu_order>0</wp:menu_order>
		<wp:post_type><![CDATA[page]]></wp:post_type>
		<wp:post_password><![CDATA[]]></wp:post_password>
		<wp:is_sticky>0</wp:is_sticky>
		<wp:postmeta>
			<wp:meta_key><![CDATA[_wp_page_template]]></wp:meta_key>
			<wp:meta_value><![CDATA[default]]></wp:meta_value>
		</wp:postmeta>
	</item>
	<item>
		<title>Home</title>
		<link>http://localhost/free/demo/remedial/</link>
		<pubDate>Mon, 30 Oct 2017 06:01:15 +0000</pubDate>
		<dc:creator><![CDATA[venkat]]></dc:creator>
		<guid isPermaLink="false">http://localhost/allthemes/free/free-demo/?page_id=4</guid>
		<description></description>
		<content:encoded><![CDATA[]]></content:encoded>
		<excerpt:encoded><![CDATA[]]></excerpt:encoded>
		<wp:post_id>7</wp:post_id>
		<wp:post_date><![CDATA[2017-10-30 06:01:15]]></wp:post_date>
		<wp:post_date_gmt><![CDATA[2017-10-30 06:01:15]]></wp:post_date_gmt>
		<wp:comment_status><![CDATA[closed]]></wp:comment_status>
		<wp:ping_status><![CDATA[closed]]></wp:ping_status>
		<wp:post_name><![CDATA[home]]></wp:post_name>
		<wp:status><![CDATA[publish]]></wp:status>
		<wp:post_parent>0</wp:post_parent>
		<wp:menu_order>0</wp:menu_order>
		<wp:post_type><![CDATA[page]]></wp:post_type>
		<wp:post_password><![CDATA[]]></wp:post_password>
		<wp:is_sticky>0</wp:is_sticky>
		<wp:postmeta>
			<wp:meta_key><![CDATA[_edit_last]]></wp:meta_key>
			<wp:meta_value><![CDATA[1]]></wp:meta_value>
		</wp:postmeta>
		<wp:postmeta>
			<wp:meta_key><![CDATA[_wp_page_template]]></wp:meta_key>
			<wp:meta_value><![CDATA[default]]></wp:meta_value>
		</wp:postmeta>
	</item>
	<item>
		<title>Blog</title>
		<link>http://localhost/free/demo/remedial/blog/</link>
		<pubDate>Mon, 30 Oct 2017 06:01:22 +0000</pubDate>
		<dc:creator><![CDATA[venkat]]></dc:creator>
		<guid isPermaLink="false">http://localhost/allthemes/free/free-demo/?page_id=6</guid>
		<description></description>
		<content:encoded><![CDATA[]]></content:encoded>
		<excerpt:encoded><![CDATA[]]></excerpt:encoded>
		<wp:post_id>8</wp:post_id>
		<wp:post_date><![CDATA[2017-10-30 06:01:22]]></wp:post_date>
		<wp:post_date_gmt><![CDATA[2017-10-30 06:01:22]]></wp:post_date_gmt>
		<wp:comment_status><![CDATA[closed]]></wp:comment_status>
		<wp:ping_status><![CDATA[closed]]></wp:ping_status>
		<wp:post_name><![CDATA[blog]]></wp:post_name>
		<wp:status><![CDATA[publish]]></wp:status>
		<wp:post_parent>0</wp:post_parent>
		<wp:menu_order>0</wp:menu_order>
		<wp:post_type><![CDATA[page]]></wp:post_type>
		<wp:post_password><![CDATA[]]></wp:post_password>
		<wp:is_sticky>0</wp:is_sticky>
		<wp:postmeta>
			<wp:meta_key><![CDATA[_edit_last]]></wp:meta_key>
			<wp:meta_value><![CDATA[1]]></wp:meta_value>
		</wp:postmeta>
		<wp:postmeta>
			<wp:meta_key><![CDATA[_wp_page_template]]></wp:meta_key>
			<wp:meta_value><![CDATA[default]]></wp:meta_value>
		</wp:postmeta>
	</item>
	<item>
		<title>FlexSlider Setting</title>
		<link>http://localhost/free/demo/remedial/flexslider-setting/</link>
		<pubDate>Mon, 30 Jan 2017 09:25:06 +0000</pubDate>
		<dc:creator><![CDATA[venkat]]></dc:creator>
		<guid isPermaLink="false">http://localhost/allthemes/free/free-demo/?p=8</guid>
		<description></description>
		<content:encoded><![CDATA[<h1>Slider Setting</h1>
You haven't created any slider yet. Create a post, set your slider image as Post's featured image ( Recommended image size 1280*450 ) ). Go to Customizer and click Home Options =&gt; Slider and select Slider Post Category and No.of Sliders.]]></content:encoded>
		<excerpt:encoded><![CDATA[]]></excerpt:encoded>
		<wp:post_id>9</wp:post_id>
		<wp:post_date><![CDATA[2017-01-30 09:25:06]]></wp:post_date>
		<wp:post_date_gmt><![CDATA[2017-01-30 09:25:06]]></wp:post_date_gmt>
		<wp:comment_status><![CDATA[open]]></wp:comment_status>
		<wp:ping_status><![CDATA[open]]></wp:ping_status>
		<wp:post_name><![CDATA[flexslider-setting]]></wp:post_name>
		<wp:status><![CDATA[publish]]></wp:status>
		<wp:post_parent>0</wp:post_parent>
		<wp:menu_order>0</wp:menu_order>
		<wp:post_type><![CDATA[post]]></wp:post_type>
		<wp:post_password><![CDATA[]]></wp:post_password>
		<wp:is_sticky>0</wp:is_sticky>
		<category domain="category" nicename="slider"><![CDATA[slider]]></category>
		<wp:postmeta>
			<wp:meta_key><![CDATA[_edit_last]]></wp:meta_key>
			<wp:meta_value><![CDATA[1]]></wp:meta_value>
		</wp:postmeta>
		<wp:postmeta>
			<wp:meta_key><![CDATA[_wp_old_slug]]></wp:meta_key>
			<wp:meta_value><![CDATA[flexslider-setup]]></wp:meta_value>
		</wp:postmeta>
		<wp:postmeta>
			<wp:meta_key><![CDATA[_thumbnail_id]]></wp:meta_key>
			<wp:meta_value><![CDATA[117]]></wp:meta_value>
		</wp:postmeta>
	</item>
	<item>
		<title>FlexSlider Setup</title>
		<link>http://localhost/free/demo/remedial/flexslider-setup/</link>
		<pubDate>Mon, 30 Jan 2017 09:27:49 +0000</pubDate>
		<dc:creator><![CDATA[venkat]]></dc:creator>
		<guid isPermaLink="false">http://localhost/allthemes/free/free-demo/?p=12</guid>
		<description></description>
		<content:encoded><![CDATA[<h1>Slider Setting</h1>
You haven't created any slider yet. Create a post, set your slider image as Post's featured image ( Recommended image size 1280*450 ) ). Go to Customizer and click Home Options =&gt; Slider and select Slider Post Category and No.of Sliders.]]></content:encoded>
		<excerpt:encoded><![CDATA[]]></excerpt:encoded>
		<wp:post_id>12</wp:post_id>
		<wp:post_date><![CDATA[2017-01-30 09:27:49]]></wp:post_date>
		<wp:post_date_gmt><![CDATA[2017-01-30 09:27:49]]></wp:post_date_gmt>
		<wp:comment_status><![CDATA[open]]></wp:comment_status>
		<wp:ping_status><![CDATA[open]]></wp:ping_status>
		<wp:post_name><![CDATA[flexslider-setup]]></wp:post_name>
		<wp:status><![CDATA[publish]]></wp:status>
		<wp:post_parent>0</wp:post_parent>
		<wp:menu_order>0</wp:menu_order>
		<wp:post_type><![CDATA[post]]></wp:post_type>
		<wp:post_password><![CDATA[]]></wp:post_password>
		<wp:is_sticky>0</wp:is_sticky>
		<category domain="category" nicename="slider"><![CDATA[slider]]></category>
		<wp:postmeta>
			<wp:meta_key><![CDATA[_edit_last]]></wp:meta_key>
			<wp:meta_value><![CDATA[1]]></wp:meta_value>
		</wp:postmeta>
		<wp:postmeta>
			<wp:meta_key><![CDATA[_thumbnail_id]]></wp:meta_key>
			<wp:meta_value><![CDATA[117]]></wp:meta_value>
		</wp:postmeta>
	</item>
	<item>
		<title>Service #1</title>
		<link>http://localhost/free/demo/remedial/service-1/</link>
		<pubDate>Mon, 30 Oct 2017 09:29:16 +0000</pubDate>
		<dc:creator><![CDATA[venkat]]></dc:creator>
		<guid isPermaLink="false">http://localhost/allthemes/free/free-demo/?page_id=14</guid>
		<description></description>
		<content:encoded><![CDATA[You haven't created any service page yet. Create Page. Go to Customizer and click Home Options =&gt; Service =&gt; Service Section #1 and select page from dropdown page list.<!--more-->

]]></content:encoded>
		<excerpt:encoded><![CDATA[]]></excerpt:encoded>
		<wp:post_id>14</wp:post_id>
		<wp:post_date><![CDATA[2017-10-30 09:29:16]]></wp:post_date>
		<wp:post_date_gmt><![CDATA[2017-10-30 09:29:16]]></wp:post_date_gmt>
		<wp:comment_status><![CDATA[closed]]></wp:comment_status>
		<wp:ping_status><![CDATA[closed]]></wp:ping_status>
		<wp:post_name><![CDATA[service-1]]></wp:post_name>
		<wp:status><![CDATA[publish]]></wp:status>
		<wp:post_parent>0</wp:post_parent>
		<wp:menu_order>0</wp:menu_order>
		<wp:post_type><![CDATA[page]]></wp:post_type>
		<wp:post_password><![CDATA[]]></wp:post_password>
		<wp:is_sticky>0</wp:is_sticky>
		<wp:postmeta>
			<wp:meta_key><![CDATA[_edit_last]]></wp:meta_key>
			<wp:meta_value><![CDATA[1]]></wp:meta_value>
		</wp:postmeta>
		<wp:postmeta>
			<wp:meta_key><![CDATA[_wp_page_template]]></wp:meta_key>
			<wp:meta_value><![CDATA[default]]></wp:meta_value>
		</wp:postmeta>
	</item>
	<item>
		<title>Service #2</title>
		<link>http://localhost/free/demo/remedial/service-2/</link>
		<pubDate>Mon, 30 Oct 2017 09:29:32 +0000</pubDate>
		<dc:creator><![CDATA[venkat]]></dc:creator>
		<guid isPermaLink="false">http://localhost/allthemes/free/free-demo/?page_id=16</guid>
		<description></description>
		<content:encoded><![CDATA[You haven't created any service page yet. Create Page. Go to Customizer and click Home Options =&gt; Service =&gt; Service Section #2 and select page from dropdown page list.<!--more-->

]]></content:encoded>
		<excerpt:encoded><![CDATA[]]></excerpt:encoded>
		<wp:post_id>16</wp:post_id>
		<wp:post_date><![CDATA[2017-10-30 09:29:32]]></wp:post_date>
		<wp:post_date_gmt><![CDATA[2017-10-30 09:29:32]]></wp:post_date_gmt>
		<wp:comment_status><![CDATA[closed]]></wp:comment_status>
		<wp:ping_status><![CDATA[closed]]></wp:ping_status>
		<wp:post_name><![CDATA[service-2]]></wp:post_name>
		<wp:status><![CDATA[publish]]></wp:status>
		<wp:post_parent>0</wp:post_parent>
		<wp:menu_order>0</wp:menu_order>
		<wp:post_type><![CDATA[page]]></wp:post_type>
		<wp:post_password><![CDATA[]]></wp:post_password>
		<wp:is_sticky>0</wp:is_sticky>
		<wp:postmeta>
			<wp:meta_key><![CDATA[_edit_last]]></wp:meta_key>
			<wp:meta_value><![CDATA[1]]></wp:meta_value>
		</wp:postmeta>
		<wp:postmeta>
			<wp:meta_key><![CDATA[_wp_page_template]]></wp:meta_key>
			<wp:meta_value><![CDATA[default]]></wp:meta_value>
		</wp:postmeta>
	</item>
	<item>
		<title>Service #3</title>
		<link>http://localhost/free/demo/remedial/service-3/</link>
		<pubDate>Mon, 30 Oct 2017 09:29:43 +0000</pubDate>
		<dc:creator><![CDATA[venkat]]></dc:creator>
		<guid isPermaLink="false">http://localhost/allthemes/free/free-demo/?page_id=18</guid>
		<description></description>
		<content:encoded><![CDATA[You haven't created any service page yet. Create Page. Go to Customizer and click Home Options =&gt; Service =&gt; Service Section #3 and select page from dropdown page list.<!--more-->

]]></content:encoded>
		<excerpt:encoded><![CDATA[]]></excerpt:encoded>
		<wp:post_id>18</wp:post_id>
		<wp:post_date><![CDATA[2017-10-30 09:29:43]]></wp:post_date>
		<wp:post_date_gmt><![CDATA[2017-10-30 09:29:43]]></wp:post_date_gmt>
		<wp:comment_status><![CDATA[closed]]></wp:comment_status>
		<wp:ping_status><![CDATA[closed]]></wp:ping_status>
		<wp:post_name><![CDATA[service-3]]></wp:post_name>
		<wp:status><![CDATA[publish]]></wp:status>
		<wp:post_parent>0</wp:post_parent>
		<wp:menu_order>0</wp:menu_order>
		<wp:post_type><![CDATA[page]]></wp:post_type>
		<wp:post_password><![CDATA[]]></wp:post_password>
		<wp:is_sticky>0</wp:is_sticky>
		<wp:postmeta>
			<wp:meta_key><![CDATA[_edit_last]]></wp:meta_key>
			<wp:meta_value><![CDATA[1]]></wp:meta_value>
		</wp:postmeta>
		<wp:postmeta>
			<wp:meta_key><![CDATA[_wp_page_template]]></wp:meta_key>
			<wp:meta_value><![CDATA[default]]></wp:meta_value>
		</wp:postmeta>
	</item>
	<item>
		<title>Lorem ipsum</title>
		<link>http://localhost/free/demo/remedial/lorem-ipsum/</link>
		<pubDate>Mon, 30 Oct 2017 09:59:46 +0000</pubDate>
		<dc:creator><![CDATA[venkat]]></dc:creator>
		<guid isPermaLink="false">http://localhost/allthemes/free/free-demo/?p=36</guid>
		<description></description>
		<content:encoded><![CDATA[Lorem ipsum dolor sit amet, consectetur adipisicing elit, sed do eiusmod tempor incididunt ut labore et dolore magna aliqua. Ut enim ad minim veniam.]]></content:encoded>
		<excerpt:encoded><![CDATA[]]></excerpt:encoded>
		<wp:post_id>36</wp:post_id>
		<wp:post_date><![CDATA[2017-10-30 09:59:46]]></wp:post_date>
		<wp:post_date_gmt><![CDATA[2017-10-30 09:59:46]]></wp:post_date_gmt>
		<wp:comment_status><![CDATA[open]]></wp:comment_status>
		<wp:ping_status><![CDATA[open]]></wp:ping_status>
		<wp:post_name><![CDATA[lorem-ipsum]]></wp:post_name>
		<wp:status><![CDATA[publish]]></wp:status>
		<wp:post_parent>0</wp:post_parent>
		<wp:menu_order>0</wp:menu_order>
		<wp:post_type><![CDATA[post]]></wp:post_type>
		<wp:post_password><![CDATA[]]></wp:post_password>
		<wp:is_sticky>0</wp:is_sticky>
		<category domain="category" nicename="uncategorized"><![CDATA[Uncategorized]]></category>
		<wp:postmeta>
			<wp:meta_key><![CDATA[_edit_last]]></wp:meta_key>
			<wp:meta_value><![CDATA[1]]></wp:meta_value>
		</wp:postmeta>
		<wp:postmeta>
			<wp:meta_key><![CDATA[_thumbnail_id]]></wp:meta_key>
			<wp:meta_value><![CDATA[117]]></wp:meta_value>
		</wp:postmeta>
	</item>
	<item>
		<title>Blog &amp; Latest News</title>
		<link>http://localhost/free/demo/remedial/blog-latest-news/</link>
		<pubDate>Mon, 30 Oct 2017 10:03:34 +0000</pubDate>
		<dc:creator><![CDATA[venkat]]></dc:creator>
		<guid isPermaLink="false">http://localhost/allthemes/free/free-demo/?page_id=44</guid>
		<description></description>
		<content:encoded><![CDATA[Lorem ipsum dolor sit amet, consectetur adipiscing elit.]]></content:encoded>
		<excerpt:encoded><![CDATA[]]></excerpt:encoded>
		<wp:post_id>44</wp:post_id>
		<wp:post_date><![CDATA[2017-10-30 10:03:34]]></wp:post_date>
		<wp:post_date_gmt><![CDATA[2017-10-30 10:03:34]]></wp:post_date_gmt>
		<wp:comment_status><![CDATA[closed]]></wp:comment_status>
		<wp:ping_status><![CDATA[closed]]></wp:ping_status>
		<wp:post_name><![CDATA[blog-latest-news]]></wp:post_name>
		<wp:status><![CDATA[publish]]></wp:status>
		<wp:post_parent>0</wp:post_parent>
		<wp:menu_order>0</wp:menu_order>
		<wp:post_type><![CDATA[page]]></wp:post_type>
		<wp:post_password><![CDATA[]]></wp:post_password>
		<wp:is_sticky>0</wp:is_sticky>
		<wp:postmeta>
			<wp:meta_key><![CDATA[_edit_last]]></wp:meta_key>
			<wp:meta_value><![CDATA[1]]></wp:meta_value>
		</wp:postmeta>
		<wp:postmeta>
			<wp:meta_key><![CDATA[_wp_page_template]]></wp:meta_key>
			<wp:meta_value><![CDATA[default]]></wp:meta_value>
		</wp:postmeta>
	</item>
	<item>
		<title>Book an Appointment</title>
		<link>http://localhost/free/demo/remedial/construction-image/</link>
		<pubDate>Mon, 30 Oct 2017 10:04:21 +0000</pubDate>
		<dc:creator><![CDATA[venkat]]></dc:creator>
		<guid isPermaLink="false">http://localhost/allthemes/free/free-demo/?page_id=46</guid>
		<description></description>
		<content:encoded><![CDATA[Create contact form and Paste the shortcode in Customizer and click Home Options =&gt; About Us section =&gt; AboutUs Form. ]]></content:encoded>
		<excerpt:encoded><![CDATA[]]></excerpt:encoded>
		<wp:post_id>46</wp:post_id>
		<wp:post_date><![CDATA[2017-10-30 10:04:21]]></wp:post_date>
		<wp:post_date_gmt><![CDATA[2017-10-30 10:04:21]]></wp:post_date_gmt>
		<wp:comment_status><![CDATA[closed]]></wp:comment_status>
		<wp:ping_status><![CDATA[closed]]></wp:ping_status>
		<wp:post_name><![CDATA[construction-image]]></wp:post_name>
		<wp:status><![CDATA[publish]]></wp:status>
		<wp:post_parent>0</wp:post_parent>
		<wp:menu_order>0</wp:menu_order>
		<wp:post_type><![CDATA[page]]></wp:post_type>
		<wp:post_password><![CDATA[]]></wp:post_password>
		<wp:is_sticky>0</wp:is_sticky>
		<wp:postmeta>
			<wp:meta_key><![CDATA[_edit_last]]></wp:meta_key>
			<wp:meta_value><![CDATA[1]]></wp:meta_value>
		</wp:postmeta>
		<wp:postmeta>
			<wp:meta_key><![CDATA[_wp_page_template]]></wp:meta_key>
			<wp:meta_value><![CDATA[default]]></wp:meta_value>
		</wp:postmeta>
	</item>
	<item>
		<title>Our Services</title>
		<link>http://localhost/free/demo/remedial/professional-services/</link>
		<pubDate>Mon, 30 Oct 2017 10:04:56 +0000</pubDate>
		<dc:creator><![CDATA[venkat]]></dc:creator>
		<guid isPermaLink="false">http://localhost/allthemes/free/free-demo/?page_id=48</guid>
		<description></description>
		<content:encoded><![CDATA[]]></content:encoded>
		<excerpt:encoded><![CDATA[]]></excerpt:encoded>
		<wp:post_id>48</wp:post_id>
		<wp:post_date><![CDATA[2017-10-30 10:04:56]]></wp:post_date>
		<wp:post_date_gmt><![CDATA[2017-10-30 10:04:56]]></wp:post_date_gmt>
		<wp:comment_status><![CDATA[closed]]></wp:comment_status>
		<wp:ping_status><![CDATA[closed]]></wp:ping_status>
		<wp:post_name><![CDATA[professional-services]]></wp:post_name>
		<wp:status><![CDATA[publish]]></wp:status>
		<wp:post_parent>0</wp:post_parent>
		<wp:menu_order>0</wp:menu_order>
		<wp:post_type><![CDATA[page]]></wp:post_type>
		<wp:post_password><![CDATA[]]></wp:post_password>
		<wp:is_sticky>0</wp:is_sticky>
		<wp:postmeta>
			<wp:meta_key><![CDATA[_edit_last]]></wp:meta_key>
			<wp:meta_value><![CDATA[1]]></wp:meta_value>
		</wp:postmeta>
		<wp:postmeta>
			<wp:meta_key><![CDATA[_wp_page_template]]></wp:meta_key>
			<wp:meta_value><![CDATA[default]]></wp:meta_value>
		</wp:postmeta>
	</item>
	<item>
		<title></title>
		<link>http://localhost/free/demo/remedial/52/</link>
		<pubDate>Mon, 05 Mar 2018 06:55:21 +0000</pubDate>
		<dc:creator><![CDATA[venkat]]></dc:creator>
		<guid isPermaLink="false">http://localhost/free/demo/remedial/index.php/2018/03/05/</guid>
		<description></description>
		<content:encoded><![CDATA[ ]]></content:encoded>
		<excerpt:encoded><![CDATA[]]></excerpt:encoded>
		<wp:post_id>52</wp:post_id>
		<wp:post_date><![CDATA[2018-03-05 06:55:21]]></wp:post_date>
		<wp:post_date_gmt><![CDATA[2018-03-05 06:55:21]]></wp:post_date_gmt>
		<wp:comment_status><![CDATA[closed]]></wp:comment_status>
		<wp:ping_status><![CDATA[closed]]></wp:ping_status>
		<wp:post_name><![CDATA[52]]></wp:post_name>
		<wp:status><![CDATA[publish]]></wp:status>
		<wp:post_parent>0</wp:post_parent>
		<wp:menu_order>1</wp:menu_order>
		<wp:post_type><![CDATA[nav_menu_item]]></wp:post_type>
		<wp:post_password><![CDATA[]]></wp:post_password>
		<wp:is_sticky>0</wp:is_sticky>
		<category domain="nav_menu" nicename="primary-menu"><![CDATA[Primary Menu]]></category>
		<wp:postmeta>
			<wp:meta_key><![CDATA[_menu_item_type]]></wp:meta_key>
			<wp:meta_value><![CDATA[post_type]]></wp:meta_value>
		</wp:postmeta>
		<wp:postmeta>
			<wp:meta_key><![CDATA[_menu_item_menu_item_parent]]></wp:meta_key>
			<wp:meta_value><![CDATA[0]]></wp:meta_value>
		</wp:postmeta>
		<wp:postmeta>
			<wp:meta_key><![CDATA[_menu_item_object_id]]></wp:meta_key>
			<wp:meta_value><![CDATA[7]]></wp:meta_value>
		</wp:postmeta>
		<wp:postmeta>
			<wp:meta_key><![CDATA[_menu_item_object]]></wp:meta_key>
			<wp:meta_value><![CDATA[page]]></wp:meta_value>
		</wp:postmeta>
		<wp:postmeta>
			<wp:meta_key><![CDATA[_menu_item_target]]></wp:meta_key>
			<wp:meta_value><![CDATA[]]></wp:meta_value>
		</wp:postmeta>
		<wp:postmeta>
			<wp:meta_key><![CDATA[_menu_item_classes]]></wp:meta_key>
			<wp:meta_value><![CDATA[a:1:{i:0;s:0:"";}]]></wp:meta_value>
		</wp:postmeta>
		<wp:postmeta>
			<wp:meta_key><![CDATA[_menu_item_xfn]]></wp:meta_key>
			<wp:meta_value><![CDATA[]]></wp:meta_value>
		</wp:postmeta>
		<wp:postmeta>
			<wp:meta_key><![CDATA[_menu_item_url]]></wp:meta_key>
			<wp:meta_value><![CDATA[]]></wp:meta_value>
		</wp:postmeta>
	</item>
	<item>
		<title>Service #4</title>
		<link>http://localhost/free/demo/remedial/service-4/</link>
		<pubDate>Mon, 18 Dec 2017 11:40:37 +0000</pubDate>
		<dc:creator><![CDATA[venkat]]></dc:creator>
		<guid isPermaLink="false">http://localhost/free/demo/remedial/?page_id=91</guid>
		<description></description>
		<content:encoded><![CDATA[You haven't created any service page yet. Create Page. Go to Customizer and click Home Options =&gt; Service =&gt; Service Section #4 and select page from dropdown page list.<!--more-->

]]></content:encoded>
		<excerpt:encoded><![CDATA[]]></excerpt:encoded>
		<wp:post_id>91</wp:post_id>
		<wp:post_date><![CDATA[2017-12-18 11:40:37]]></wp:post_date>
		<wp:post_date_gmt><![CDATA[2017-12-18 11:40:37]]></wp:post_date_gmt>
		<wp:comment_status><![CDATA[closed]]></wp:comment_status>
		<wp:ping_status><![CDATA[closed]]></wp:ping_status>
		<wp:post_name><![CDATA[service-4]]></wp:post_name>
		<wp:status><![CDATA[publish]]></wp:status>
		<wp:post_parent>0</wp:post_parent>
		<wp:menu_order>0</wp:menu_order>
		<wp:post_type><![CDATA[page]]></wp:post_type>
		<wp:post_password><![CDATA[]]></wp:post_password>
		<wp:is_sticky>0</wp:is_sticky>
		<wp:postmeta>
			<wp:meta_key><![CDATA[_edit_last]]></wp:meta_key>
			<wp:meta_value><![CDATA[1]]></wp:meta_value>
		</wp:postmeta>
		<wp:postmeta>
			<wp:meta_key><![CDATA[_wp_page_template]]></wp:meta_key>
			<wp:meta_value><![CDATA[default]]></wp:meta_value>
		</wp:postmeta>
	</item>
	<item>
		<title>HTML Markup and Formatting</title>
		<link>http://localhost/free/demo/remedial/html-markup-and-formatting/</link>
		<pubDate>Sun, 19 Feb 2017 07:23:17 +0000</pubDate>
		<dc:creator><![CDATA[venkat]]></dc:creator>
		<guid isPermaLink="false">http://localhost/free/demo/remedial/?p=106</guid>
		<description></description>
		<content:encoded><![CDATA[<h2>Headings</h2>
<h1>Header one</h1>
<h2>Header two</h2>
<h3>Header three</h3>
<h4>Header four</h4>
<h5>Header five</h5>
<h6>Header six</h6>
<h2>Blockquotes</h2>
Single line blockquote:
<blockquote>Stay hungry. Stay foolish.</blockquote>
Multi line blockquote with a cite reference:
<blockquote>People think focus means saying yes to the thing you've got to focus on. But that's not what it means at all. It means saying no to the hundred other good ideas that there are. You have to pick carefully. I'm actually as proud of the things we haven't done as the things I have done. Innovation is saying no to 1,000 things.</blockquote>
<cite>Steve Jobs</cite> - Apple Worldwide Developers' Conference, 1997
<h2>Tables</h2>
<table>
<thead>
<tr>
<th>Employee</th>
<th>Salary</th>
<th></th>
</tr>
</thead>
<tbody>
<tr>
<th><a href="http://example.org/">John Doe</a></th>
<td>$1</td>
<td>Because that's all Steve Jobs needed for a salary.</td>
</tr>
<tr>
<th><a href="http://example.org/">Jane Doe</a></th>
<td>$100K</td>
<td>For all the blogging she does.</td>
</tr>
<tr>
<th><a href="http://example.org/">Fred Bloggs</a></th>
<td>$100M</td>
<td>Pictures are worth a thousand words, right? So Jane x 1,000.</td>
</tr>
<tr>
<th><a href="http://example.org/">Jane Bloggs</a></th>
<td>$100B</td>
<td>With hair like that?! Enough said...</td>
</tr>
</tbody>
</table>
<h2>Definition Lists</h2>
<dl>
 	<dt>Definition List Title</dt>
 	<dd>Definition list division.</dd>
 	<dt>Startup</dt>
 	<dd>A startup company or startup is a company or temporary organization designed to search for a repeatable and scalable business model.</dd>
 	<dt>#dowork</dt>
 	<dd>Coined by Rob Dyrdek and his personal body guard Christopher "Big Black" Boykins, "Do Work" works as a self motivator, to motivating your friends.</dd>
 	<dt>Do It Live</dt>
 	<dd>I'll let Bill O'Reilly will <a title="We'll Do It Live" href="https://www.youtube.com/watch?v=O_HyZ5aW76c">explain</a> this one.</dd>
</dl>
<h2>Unordered Lists (Nested)</h2>
<ul>
 	<li>List item one
<ul>
 	<li>List item one
<ul>
 	<li>List item one</li>
 	<li>List item two</li>
 	<li>List item three</li>
 	<li>List item four</li>
</ul>
</li>
 	<li>List item two</li>
 	<li>List item three</li>
 	<li>List item four</li>
</ul>
</li>
 	<li>List item two</li>
 	<li>List item three</li>
 	<li>List item four</li>
</ul>
<h2>Ordered List (Nested)</h2>
<ol>
 	<li>List item one
<ol>
 	<li>List item one
<ol>
 	<li>List item one</li>
 	<li>List item two</li>
 	<li>List item three</li>
 	<li>List item four</li>
</ol>
</li>
 	<li>List item two</li>
 	<li>List item three</li>
 	<li>List item four</li>
</ol>
</li>
 	<li>List item two</li>
 	<li>List item three</li>
 	<li>List item four</li>
</ol>
<h2>HTML Tags</h2>
These supported tags come from the WordPress.com code <a title="Code" href="http://en.support.wordpress.com/code/">FAQ</a>.

<strong>Address Tag</strong>

<address>1 Infinite Loop
Cupertino, CA 95014
United States</address><strong>Anchor Tag (aka. Link)</strong>

This is an example of a <a title="Apple" href="http://apple.com">link</a>.

<strong>Abbreviation Tag</strong>

The abbreviation <abbr title="Seriously">srsly</abbr> stands for "seriously".

<strong>Acronym Tag (<em>deprecated in HTML5</em>)</strong>

The acronym <acronym title="For The Win">ftw</acronym> stands for "for the win".

<strong>Big TagÂ <strong>(<em>deprecated in HTML5</em>)</strong></strong>

These tests are a <big>big</big> deal, but this tag is no longer supported in HTML5.

<strong>Cite Tag</strong>

"Code is poetry." --<cite>Automattic</cite>

<strong>Code Tag</strong>

You will learn later on in these tests that <code>word-wrap: break-word;</code> will be your best friend.

<strong>Delete Tag</strong>

This tag will let you <del>strikeout text</del>, but this tag is no longer supported in HTML5 (use the <code>&lt;strike&gt;</code> instead).

<strong>Emphasize Tag</strong>

The emphasize tag should <em>italicize</em> text.

<strong>Insert Tag</strong>

This tag should denote <ins>inserted</ins> text.

<strong>Keyboard Tag</strong>

This scarcely known tag emulates <kbd>keyboard text</kbd>, which is usually styled like the <code>&lt;code&gt;</code> tag.

<strong>Preformatted Tag</strong>

This tag styles large blocks of code.
<pre>.post-title {
	margin: 0 0 5px;
	font-weight: bold;
	font-size: 38px;
	line-height: 1.2;
	and here's a line of some really, really, really, really long text, just to see how the PRE tag handles it and to find out how it overflows;
}</pre>
<strong>Quote Tag</strong>

<q>Developers, developers, developers...</q> --Steve Ballmer

<strong>Strike TagÂ <strong>(<em>deprecated in HTML5</em>)</strong></strong>

This tag shows <span style="text-decoration: line-through;">strike-through text</span>

<strong>Strong Tag</strong>

This tag shows <strong>bold<strong> text.</strong></strong>

<strong>Subscript Tag</strong>

Getting our science styling on with H<sub>2</sub>O, which should push the "2" down.

<strong>Superscript Tag</strong>

Still sticking with science and Isaac Newton's E = MC<sup>2</sup>, which should lift the 2 up.

<strong>Teletype TagÂ <strong>(<em>deprecated in HTML5</em>)</strong></strong>

This rarely used tag emulates <tt>teletype text</tt>, which is usually styled like the <code>&lt;code&gt;</code> tag.

<strong>Variable Tag</strong>

This allows you to denote <var>variables</var>.]]></content:encoded>
		<excerpt:encoded><![CDATA[]]></excerpt:encoded>
		<wp:post_id>106</wp:post_id>
		<wp:post_date><![CDATA[2017-02-19 07:23:17]]></wp:post_date>
		<wp:post_date_gmt><![CDATA[2017-02-19 07:23:17]]></wp:post_date_gmt>
		<wp:comment_status><![CDATA[open]]></wp:comment_status>
		<wp:ping_status><![CDATA[open]]></wp:ping_status>
		<wp:post_name><![CDATA[html-markup-and-formatting]]></wp:post_name>
		<wp:status><![CDATA[publish]]></wp:status>
		<wp:post_parent>0</wp:post_parent>
		<wp:menu_order>0</wp:menu_order>
		<wp:post_type><![CDATA[post]]></wp:post_type>
		<wp:post_password><![CDATA[]]></wp:post_password>
		<wp:is_sticky>0</wp:is_sticky>
		<category domain="category" nicename="uncategorized"><![CDATA[Uncategorized]]></category>
		<wp:postmeta>
			<wp:meta_key><![CDATA[_edit_last]]></wp:meta_key>
			<wp:meta_value><![CDATA[1]]></wp:meta_value>
		</wp:postmeta>
		<wp:postmeta>
			<wp:meta_key><![CDATA[_thumbnail_id]]></wp:meta_key>
			<wp:meta_value><![CDATA[117]]></wp:meta_value>
		</wp:postmeta>
	</item>
	<item>
		<title>Service #5</title>
		<link>http://localhost/free/demo/remedial/service-5/</link>
		<pubDate>Mon, 05 Mar 2018 06:57:54 +0000</pubDate>
		<dc:creator><![CDATA[venkat]]></dc:creator>
		<guid isPermaLink="false">http://localhost/free/demo/remedial/?page_id=112</guid>
		<description></description>
		<content:encoded><![CDATA[You haven't created any service page yet. Create Page. Go to Customizer and click Home Options =&gt; Service =&gt; Service Section #5 and select page from dropdown page list.<!--more-->]]></content:encoded>
		<excerpt:encoded><![CDATA[]]></excerpt:encoded>
		<wp:post_id>112</wp:post_id>
		<wp:post_date><![CDATA[2018-03-05 06:57:54]]></wp:post_date>
		<wp:post_date_gmt><![CDATA[2018-03-05 06:57:54]]></wp:post_date_gmt>
		<wp:comment_status><![CDATA[closed]]></wp:comment_status>
		<wp:ping_status><![CDATA[closed]]></wp:ping_status>
		<wp:post_name><![CDATA[service-5]]></wp:post_name>
		<wp:status><![CDATA[publish]]></wp:status>
		<wp:post_parent>0</wp:post_parent>
		<wp:menu_order>0</wp:menu_order>
		<wp:post_type><![CDATA[page]]></wp:post_type>
		<wp:post_password><![CDATA[]]></wp:post_password>
		<wp:is_sticky>0</wp:is_sticky>
		<wp:postmeta>
			<wp:meta_key><![CDATA[_edit_last]]></wp:meta_key>
			<wp:meta_value><![CDATA[1]]></wp:meta_value>
		</wp:postmeta>
		<wp:postmeta>
			<wp:meta_key><![CDATA[_wp_page_template]]></wp:meta_key>
			<wp:meta_value><![CDATA[default]]></wp:meta_value>
		</wp:postmeta>
	</item>
	<item>
		<title>Service #6</title>
		<link>http://localhost/free/demo/remedial/service-6/</link>
		<pubDate>Mon, 05 Mar 2018 06:58:15 +0000</pubDate>
		<dc:creator><![CDATA[venkat]]></dc:creator>
		<guid isPermaLink="false">http://localhost/free/demo/remedial/?page_id=113</guid>
		<description></description>
		<content:encoded><![CDATA[You haven't created any service page yet. Create Page. Go to Customizer and click Home Options =&gt; Service =&gt; Service Section #6 and select page from dropdown page list.<!--more-->]]></content:encoded>
		<excerpt:encoded><![CDATA[]]></excerpt:encoded>
		<wp:post_id>113</wp:post_id>
		<wp:post_date><![CDATA[2018-03-05 06:58:15]]></wp:post_date>
		<wp:post_date_gmt><![CDATA[2018-03-05 06:58:15]]></wp:post_date_gmt>
		<wp:comment_status><![CDATA[closed]]></wp:comment_status>
		<wp:ping_status><![CDATA[closed]]></wp:ping_status>
		<wp:post_name><![CDATA[service-6]]></wp:post_name>
		<wp:status><![CDATA[publish]]></wp:status>
		<wp:post_parent>0</wp:post_parent>
		<wp:menu_order>0</wp:menu_order>
		<wp:post_type><![CDATA[page]]></wp:post_type>
		<wp:post_password><![CDATA[]]></wp:post_password>
		<wp:is_sticky>0</wp:is_sticky>
		<wp:postmeta>
			<wp:meta_key><![CDATA[_edit_last]]></wp:meta_key>
			<wp:meta_value><![CDATA[1]]></wp:meta_value>
		</wp:postmeta>
		<wp:postmeta>
			<wp:meta_key><![CDATA[_wp_page_template]]></wp:meta_key>
			<wp:meta_value><![CDATA[default]]></wp:meta_value>
		</wp:postmeta>
	</item>
	<item>
		<title>slider</title>
		<link>http://localhost/free/demo/remedial/flexslider-setting/slider-2/</link>
		<pubDate>Mon, 05 Mar 2018 07:03:50 +0000</pubDate>
		<dc:creator><![CDATA[venkat]]></dc:creator>
		<guid isPermaLink="false">http://dummy.genexthemes.com/free-demo-images/remedial/slider.png</guid>
		<description></description>
		<content:encoded><![CDATA[]]></content:encoded>
		<excerpt:encoded><![CDATA[]]></excerpt:encoded>
		<wp:post_id>117</wp:post_id>
		<wp:post_date><![CDATA[2018-03-05 07:03:50]]></wp:post_date>
		<wp:post_date_gmt><![CDATA[2018-03-05 07:03:50]]></wp:post_date_gmt>
		<wp:comment_status><![CDATA[open]]></wp:comment_status>
		<wp:ping_status><![CDATA[closed]]></wp:ping_status>
		<wp:post_name><![CDATA[slider-2]]></wp:post_name>
		<wp:status><![CDATA[inherit]]></wp:status>
		<wp:post_parent>9</wp:post_parent>
		<wp:menu_order>0</wp:menu_order>
		<wp:post_type><![CDATA[attachment]]></wp:post_type>
		<wp:post_password><![CDATA[]]></wp:post_password>
		<wp:is_sticky>0</wp:is_sticky>
		<wp:attachment_url><![CDATA[http://dummy.genexthemes.com/free-demo-images/remedial/slider.png]]></wp:attachment_url>
		<wp:postmeta>
			<wp:meta_key><![CDATA[_wp_attached_file]]></wp:meta_key>
			<wp:meta_value><![CDATA[2017/01/slider.png]]></wp:meta_value>
		</wp:postmeta>
		<wp:postmeta>
			<wp:meta_key><![CDATA[_wp_attachment_metadata]]></wp:meta_key>
			<wp:meta_value><![CDATA[a:5:{s:5:"width";i:1280;s:6:"height";i:470;s:4:"file";s:18:"2017/01/slider.png";s:5:"sizes";a:9:{s:9:"thumbnail";a:4:{s:4:"file";s:18:"slider-150x150.png";s:5:"width";i:150;s:6:"height";i:150;s:9:"mime-type";s:9:"image/png";}s:6:"medium";a:4:{s:4:"file";s:18:"slider-300x110.png";s:5:"width";i:300;s:6:"height";i:110;s:9:"mime-type";s:9:"image/png";}s:12:"medium_large";a:4:{s:4:"file";s:18:"slider-768x282.png";s:5:"width";i:768;s:6:"height";i:282;s:9:"mime-type";s:9:"image/png";}s:5:"large";a:4:{s:4:"file";s:19:"slider-1024x376.png";s:5:"width";i:1024;s:6:"height";i:376;s:9:"mime-type";s:9:"image/png";}s:25:"remedial-recent-posts-img";a:4:{s:4:"file";s:18:"slider-370x300.png";s:5:"width";i:370;s:6:"height";i:300;s:9:"mime-type";s:9:"image/png";}s:20:"remedial-service-img";a:4:{s:4:"file";s:18:"slider-280x380.png";s:5:"width";i:280;s:6:"height";i:380;s:9:"mime-type";s:9:"image/png";}s:24:"remedial-blog-full-width";a:4:{s:4:"file";s:18:"slider-380x350.png";s:5:"width";i:380;s:6:"height";i:350;s:9:"mime-type";s:9:"image/png";}s:35:"remedial-small-featured-image-width";a:4:{s:4:"file";s:18:"slider-450x300.png";s:5:"width";i:450;s:6:"height";i:300;s:9:"mime-type";s:9:"image/png";}s:25:"remedial-blog-large-width";a:4:{s:4:"file";s:18:"slider-800x300.png";s:5:"width";i:800;s:6:"height";i:300;s:9:"mime-type";s:9:"image/png";}}s:10:"image_meta";a:12:{s:8:"aperture";s:1:"0";s:6:"credit";s:0:"";s:6:"camera";s:0:"";s:7:"caption";s:0:"";s:17:"created_timestamp";s:1:"0";s:9:"copyright";s:0:"";s:12:"focal_length";s:1:"0";s:3:"iso";s:1:"0";s:13:"shutter_speed";s:1:"0";s:5:"title";s:0:"";s:11:"orientation";s:1:"0";s:8:"keywords";a:0:{}}}]]></wp:meta_value>
		</wp:postmeta>
	</item>
	<item>
		<title></title>
		<link>http://localhost/free/demo/remedial/122/</link>
		<pubDate>Mon, 05 Mar 2018 07:53:03 +0000</pubDate>
		<dc:creator><![CDATA[venkat]]></dc:creator>
		<guid isPermaLink="false">http://localhost/free/demo/remedial/?p=122</guid>
		<description></description>
		<content:encoded><![CDATA[ ]]></content:encoded>
		<excerpt:encoded><![CDATA[]]></excerpt:encoded>
		<wp:post_id>122</wp:post_id>
		<wp:post_date><![CDATA[2018-03-05 07:53:03]]></wp:post_date>
		<wp:post_date_gmt><![CDATA[2018-03-05 07:53:03]]></wp:post_date_gmt>
		<wp:comment_status><![CDATA[closed]]></wp:comment_status>
		<wp:ping_status><![CDATA[closed]]></wp:ping_status>
		<wp:post_name><![CDATA[122]]></wp:post_name>
		<wp:status><![CDATA[publish]]></wp:status>
		<wp:post_parent>0</wp:post_parent>
		<wp:menu_order>2</wp:menu_order>
		<wp:post_type><![CDATA[nav_menu_item]]></wp:post_type>
		<wp:post_password><![CDATA[]]></wp:post_password>
		<wp:is_sticky>0</wp:is_sticky>
		<category domain="nav_menu" nicename="primary-menu"><![CDATA[Primary Menu]]></category>
		<wp:postmeta>
			<wp:meta_key><![CDATA[_menu_item_type]]></wp:meta_key>
			<wp:meta_value><![CDATA[post_type]]></wp:meta_value>
		</wp:postmeta>
		<wp:postmeta>
			<wp:meta_key><![CDATA[_menu_item_menu_item_parent]]></wp:meta_key>
			<wp:meta_value><![CDATA[0]]></wp:meta_value>
		</wp:postmeta>
		<wp:postmeta>
			<wp:meta_key><![CDATA[_menu_item_object_id]]></wp:meta_key>
			<wp:meta_value><![CDATA[8]]></wp:meta_value>
		</wp:postmeta>
		<wp:postmeta>
			<wp:meta_key><![CDATA[_menu_item_object]]></wp:meta_key>
			<wp:meta_value><![CDATA[page]]></wp:meta_value>
		</wp:postmeta>
		<wp:postmeta>
			<wp:meta_key><![CDATA[_menu_item_target]]></wp:meta_key>
			<wp:meta_value><![CDATA[]]></wp:meta_value>
		</wp:postmeta>
		<wp:postmeta>
			<wp:meta_key><![CDATA[_menu_item_classes]]></wp:meta_key>
			<wp:meta_value><![CDATA[a:1:{i:0;s:0:"";}]]></wp:meta_value>
		</wp:postmeta>
		<wp:postmeta>
			<wp:meta_key><![CDATA[_menu_item_xfn]]></wp:meta_key>
			<wp:meta_value><![CDATA[]]></wp:meta_value>
		</wp:postmeta>
		<wp:postmeta>
			<wp:meta_key><![CDATA[_menu_item_url]]></wp:meta_key>
			<wp:meta_value><![CDATA[]]></wp:meta_value>
		</wp:postmeta>
	</item>
	<item>
		<title>Dolor sit amet</title>
		<link>http://localhost/free/demo/remedial/lorem-ipsum-2/</link>
		<pubDate>Mon, 30 Oct 2017 10:02:05 +0000</pubDate>
		<dc:creator><![CDATA[venkat]]></dc:creator>
		<guid isPermaLink="false">http://localhost/allthemes/free/free-demo/?p=38</guid>
		<description></description>
		<content:encoded><![CDATA[Lorem ipsum dolor sit amet, consectetur adipisicing elit, sed do eiusmod tempor incididunt ut labore et dolore magna aliqua. Ut enim ad minim veniam.]]></content:encoded>
		<excerpt:encoded><![CDATA[]]></excerpt:encoded>
		<wp:post_id>38</wp:post_id>
		<wp:post_date><![CDATA[2017-10-30 10:02:05]]></wp:post_date>
		<wp:post_date_gmt><![CDATA[2017-10-30 10:02:05]]></wp:post_date_gmt>
		<wp:comment_status><![CDATA[open]]></wp:comment_status>
		<wp:ping_status><![CDATA[open]]></wp:ping_status>
		<wp:post_name><![CDATA[lorem-ipsum-2]]></wp:post_name>
		<wp:status><![CDATA[publish]]></wp:status>
		<wp:post_parent>0</wp:post_parent>
		<wp:menu_order>0</wp:menu_order>
		<wp:post_type><![CDATA[post]]></wp:post_type>
		<wp:post_password><![CDATA[]]></wp:post_password>
		<wp:is_sticky>0</wp:is_sticky>
		<category domain="category" nicename="uncategorized"><![CDATA[Uncategorized]]></category>
		<wp:postmeta>
			<wp:meta_key><![CDATA[_edit_last]]></wp:meta_key>
			<wp:meta_value><![CDATA[1]]></wp:meta_value>
		</wp:postmeta>
		<wp:postmeta>
			<wp:meta_key><![CDATA[_wp_old_slug]]></wp:meta_key>
			<wp:meta_value><![CDATA[lorem-ipsum]]></wp:meta_value>
		</wp:postmeta>
		<wp:postmeta>
			<wp:meta_key><![CDATA[_thumbnail_id]]></wp:meta_key>
			<wp:meta_value><![CDATA[117]]></wp:meta_value>
		</wp:postmeta>
	</item>
	<item>
		<title>Minim veniam</title>
		<link>http://localhost/free/demo/remedial/lorem-ipsum-3/</link>
		<pubDate>Mon, 30 Oct 2017 10:02:35 +0000</pubDate>
		<dc:creator><![CDATA[venkat]]></dc:creator>
		<guid isPermaLink="false">http://localhost/allthemes/free/free-demo/?p=40</guid>
		<description></description>
		<content:encoded><![CDATA[Lorem ipsum dolor sit amet, consectetur adipisicing elit, sed do eiusmod tempor incididunt ut labore et dolore magna aliqua. Ut enim ad minim veniam.]]></content:encoded>
		<excerpt:encoded><![CDATA[]]></excerpt:encoded>
		<wp:post_id>40</wp:post_id>
		<wp:post_date><![CDATA[2017-10-30 10:02:35]]></wp:post_date>
		<wp:post_date_gmt><![CDATA[2017-10-30 10:02:35]]></wp:post_date_gmt>
		<wp:comment_status><![CDATA[open]]></wp:comment_status>
		<wp:ping_status><![CDATA[open]]></wp:ping_status>
		<wp:post_name><![CDATA[lorem-ipsum-3]]></wp:post_name>
		<wp:status><![CDATA[publish]]></wp:status>
		<wp:post_parent>0</wp:post_parent>
		<wp:menu_order>0</wp:menu_order>
		<wp:post_type><![CDATA[post]]></wp:post_type>
		<wp:post_password><![CDATA[]]></wp:post_password>
		<wp:is_sticky>0</wp:is_sticky>
		<category domain="category" nicename="uncategorized"><![CDATA[Uncategorized]]></category>
		<wp:postmeta>
			<wp:meta_key><![CDATA[_edit_last]]></wp:meta_key>
			<wp:meta_value><![CDATA[1]]></wp:meta_value>
		</wp:postmeta>
		<wp:postmeta>
			<wp:meta_key><![CDATA[_wp_old_slug]]></wp:meta_key>
			<wp:meta_value><![CDATA[lorem-ipsum]]></wp:meta_value>
		</wp:postmeta>
		<wp:postmeta>
			<wp:meta_key><![CDATA[_thumbnail_id]]></wp:meta_key>
			<wp:meta_value><![CDATA[117]]></wp:meta_value>
		</wp:postmeta>
		<wp:comment>
			<wp:comment_id>2</wp:comment_id>
			<wp:comment_author><![CDATA[venkat]]></wp:comment_author>
			<wp:comment_author_email><![CDATA[premalatha@webulous.in]]></wp:comment_author_email>
			<wp:comment_author_url></wp:comment_author_url>
			<wp:comment_author_IP><![CDATA[127.0.0.1]]></wp:comment_author_IP>
			<wp:comment_date><![CDATA[2017-12-19 07:21:06]]></wp:comment_date>
			<wp:comment_date_gmt><![CDATA[2017-12-19 07:21:06]]></wp:comment_date_gmt>
			<wp:comment_content><![CDATA[grehgeh]]></wp:comment_content>
			<wp:comment_approved><![CDATA[1]]></wp:comment_approved>
			<wp:comment_type><![CDATA[]]></wp:comment_type>
			<wp:comment_parent>0</wp:comment_parent>
			<wp:comment_user_id>1</wp:comment_user_id>
		</wp:comment>
		<wp:comment>
			<wp:comment_id>3</wp:comment_id>
			<wp:comment_author><![CDATA[venkat]]></wp:comment_author>
			<wp:comment_author_email><![CDATA[premalatha@webulous.in]]></wp:comment_author_email>
			<wp:comment_author_url></wp:comment_author_url>
			<wp:comment_author_IP><![CDATA[127.0.0.1]]></wp:comment_author_IP>
			<wp:comment_date><![CDATA[2017-12-19 07:21:13]]></wp:comment_date>
			<wp:comment_date_gmt><![CDATA[2017-12-19 07:21:13]]></wp:comment_date_gmt>
			<wp:comment_content><![CDATA[hreherheh]]></wp:comment_content>
			<wp:comment_approved><![CDATA[1]]></wp:comment_approved>
			<wp:comment_type><![CDATA[]]></wp:comment_type>
			<wp:comment_parent>2</wp:comment_parent>
			<wp:comment_user_id>1</wp:comment_user_id>
		</wp:comment>
	</item>
	<item>
		<title>Dolor sit amet</title>
		<link>http://localhost/free/demo/remedial/dolor-sit-amet/</link>
		<pubDate>Sat, 03 Feb 2018 05:53:55 +0000</pubDate>
		<dc:creator><![CDATA[venkat]]></dc:creator>
		<guid isPermaLink="false">http://localhost/free/demo/remedial/?p=111</guid>
		<description></description>
		<content:encoded><![CDATA[Lorem ipsum dolor sit amet, consectetur adipisicing elit, sed do eiusmod tempor incididunt ut labore et dolore magna aliqua. Ut enim ad minim veniam.]]></content:encoded>
		<excerpt:encoded><![CDATA[]]></excerpt:encoded>
		<wp:post_id>111</wp:post_id>
		<wp:post_date><![CDATA[2018-02-03 05:53:55]]></wp:post_date>
		<wp:post_date_gmt><![CDATA[2018-02-03 05:53:55]]></wp:post_date_gmt>
		<wp:comment_status><![CDATA[open]]></wp:comment_status>
		<wp:ping_status><![CDATA[open]]></wp:ping_status>
		<wp:post_name><![CDATA[dolor-sit-amet]]></wp:post_name>
		<wp:status><![CDATA[publish]]></wp:status>
		<wp:post_parent>0</wp:post_parent>
		<wp:menu_order>0</wp:menu_order>
		<wp:post_type><![CDATA[post]]></wp:post_type>
		<wp:post_password><![CDATA[]]></wp:post_password>
		<wp:is_sticky>0</wp:is_sticky>
		<category domain="category" nicename="uncategorized"><![CDATA[Uncategorized]]></category>
		<wp:postmeta>
			<wp:meta_key><![CDATA[_edit_last]]></wp:meta_key>
			<wp:meta_value><![CDATA[1]]></wp:meta_value>
		</wp:postmeta>
		<wp:postmeta>
			<wp:meta_key><![CDATA[_thumbnail_id]]></wp:meta_key>
			<wp:meta_value><![CDATA[117]]></wp:meta_value>
		</wp:postmeta>
	</item>
	<item>
		<title>Contact form 1</title>
		<link>http://localhost/free/demo/remedial/?post_type=wpcf7_contact_form&#038;p=118</link>
		<pubDate>Mon, 05 Mar 2018 07:08:24 +0000</pubDate>
		<dc:creator><![CDATA[venkat]]></dc:creator>
		<guid isPermaLink="false">http://localhost/free/demo/remedial/?post_type=wpcf7_contact_form&#038;p=118</guid>
		<description></description>
		<content:encoded><![CDATA[<p class="text-area field">[textarea textarea-484 placeholder 10x3 "Message"]</p>
<p>[text* text-715 placeholder "Full Name"]</p>
<p>[email* email-978 placeholder "Your Email Address"]</p>
<p>[text* text-288 placeholder "Phone Number"]</p>
<p>[date* date-615 placeholder "Booking Date"]</p>
<p class="book-btn">[submit "Book Now"]</p>
1
Remedial "[your-subject]"
[your-name] <xxx@example.com>
xxx@example.com
From: [your-name] <[your-email]>
Subject: [your-subject]

Message Body:
[your-message]

-- 
This e-mail was sent from a contact form on Remedial (http://localhost/free/demo/remedial)
Reply-To: [your-email]




Remedial "[your-subject]"
Remedial <premalatha@webulous.in>
[your-email]
Message Body:
[your-message]

-- 
This e-mail was sent from a contact form on Remedial (http://localhost/free/demo/remedial)
Reply-To: premalatha@webulous.in



Thank you for your message. It has been sent.
There was an error trying to send your message. Please try again later.
One or more fields have an error. Please check and try again.
There was an error trying to send your message. Please try again later.
You must accept the terms and conditions before sending your message.
The field is required.
The field is too long.
The field is too short.
The date format is incorrect.
The date is before the earliest one allowed.
The date is after the latest one allowed.
There was an unknown error uploading the file.
You are not allowed to upload files of this type.
The file is too big.
There was an error uploading the file.
The number format is invalid.
The number is smaller than the minimum allowed.
The number is larger than the maximum allowed.
The answer to the quiz is incorrect.
Your entered code is incorrect.
The e-mail address entered is invalid.
The URL is invalid.
The telephone number is invalid.]]></content:encoded>
		<excerpt:encoded><![CDATA[]]></excerpt:encoded>
		<wp:post_id>118</wp:post_id>
		<wp:post_date><![CDATA[2018-03-05 07:08:24]]></wp:post_date>
		<wp:post_date_gmt><![CDATA[2018-03-05 07:08:24]]></wp:post_date_gmt>
		<wp:comment_status><![CDATA[closed]]></wp:comment_status>
		<wp:ping_status><![CDATA[closed]]></wp:ping_status>
		<wp:post_name><![CDATA[contact-form-1]]></wp:post_name>
		<wp:status><![CDATA[publish]]></wp:status>
		<wp:post_parent>0</wp:post_parent>
		<wp:menu_order>0</wp:menu_order>
		<wp:post_type><![CDATA[wpcf7_contact_form]]></wp:post_type>
		<wp:post_password><![CDATA[]]></wp:post_password>
		<wp:is_sticky>0</wp:is_sticky>
		<wp:postmeta>
			<wp:meta_key><![CDATA[_form]]></wp:meta_key>
			<wp:meta_value><![CDATA[<p class="text-area field">[textarea textarea-484 placeholder 10x3 "Message"]</p>
<p>[text* text-715 placeholder "Full Name"]</p>
<p>[email* email-978 placeholder "Your Email Address"]</p>
<p>[text* text-288 placeholder "Phone Number"]</p>
<p>[date* date-615 placeholder "Booking Date"]</p>
<p class="book-btn">[submit "Book Now"]</p>]]></wp:meta_value>
		</wp:postmeta>
		<wp:postmeta>
			<wp:meta_key><![CDATA[_mail]]></wp:meta_key>
			<wp:meta_value><![CDATA[a:9:{s:6:"active";b:1;s:7:"subject";s:25:"Remedial "[your-subject]"";s:6:"sender";s:29:"[your-name] <xxx@example.com>";s:9:"recipient";s:15:"xxx@example.com";s:4:"body";s:182:"From: [your-name] <[your-email]>
Subject: [your-subject]

Message Body:
[your-message]

-- 
This e-mail was sent from a contact form on Remedial (http://localhost/free/demo/remedial)";s:18:"additional_headers";s:22:"Reply-To: [your-email]";s:11:"attachments";s:0:"";s:8:"use_html";b:0;s:13:"exclude_blank";b:0;}]]></wp:meta_value>
		</wp:postmeta>
		<wp:postmeta>
			<wp:meta_key><![CDATA[_mail_2]]></wp:meta_key>
			<wp:meta_value><![CDATA[a:9:{s:6:"active";b:0;s:7:"subject";s:25:"Remedial "[your-subject]"";s:6:"sender";s:33:"Remedial <premalatha@webulous.in>";s:9:"recipient";s:12:"[your-email]";s:4:"body";s:124:"Message Body:
[your-message]

-- 
This e-mail was sent from a contact form on Remedial (http://localhost/free/demo/remedial)";s:18:"additional_headers";s:32:"Reply-To: premalatha@webulous.in";s:11:"attachments";s:0:"";s:8:"use_html";b:0;s:13:"exclude_blank";b:0;}]]></wp:meta_value>
		</wp:postmeta>
		<wp:postmeta>
			<wp:meta_key><![CDATA[_messages]]></wp:meta_key>
			<wp:meta_value><![CDATA[a:23:{s:12:"mail_sent_ok";s:45:"Thank you for your message. It has been sent.";s:12:"mail_sent_ng";s:71:"There was an error trying to send your message. Please try again later.";s:16:"validation_error";s:61:"One or more fields have an error. Please check and try again.";s:4:"spam";s:71:"There was an error trying to send your message. Please try again later.";s:12:"accept_terms";s:69:"You must accept the terms and conditions before sending your message.";s:16:"invalid_required";s:22:"The field is required.";s:16:"invalid_too_long";s:22:"The field is too long.";s:17:"invalid_too_short";s:23:"The field is too short.";s:12:"invalid_date";s:29:"The date format is incorrect.";s:14:"date_too_early";s:44:"The date is before the earliest one allowed.";s:13:"date_too_late";s:41:"The date is after the latest one allowed.";s:13:"upload_failed";s:46:"There was an unknown error uploading the file.";s:24:"upload_file_type_invalid";s:49:"You are not allowed to upload files of this type.";s:21:"upload_file_too_large";s:20:"The file is too big.";s:23:"upload_failed_php_error";s:38:"There was an error uploading the file.";s:14:"invalid_number";s:29:"The number format is invalid.";s:16:"number_too_small";s:47:"The number is smaller than the minimum allowed.";s:16:"number_too_large";s:46:"The number is larger than the maximum allowed.";s:23:"quiz_answer_not_correct";s:36:"The answer to the quiz is incorrect.";s:17:"captcha_not_match";s:31:"Your entered code is incorrect.";s:13:"invalid_email";s:38:"The e-mail address entered is invalid.";s:11:"invalid_url";s:19:"The URL is invalid.";s:11:"invalid_tel";s:32:"The telephone number is invalid.";}]]></wp:meta_value>
		</wp:postmeta>
		<wp:postmeta>
			<wp:meta_key><![CDATA[_additional_settings]]></wp:meta_key>
			<wp:meta_value><![CDATA[]]></wp:meta_value>
		</wp:postmeta>
		<wp:postmeta>
			<wp:meta_key><![CDATA[_locale]]></wp:meta_key>
			<wp:meta_value><![CDATA[en_US]]></wp:meta_value>
		</wp:postmeta>
		<wp:postmeta>
			<wp:meta_key><![CDATA[_config_errors]]></wp:meta_key>
			<wp:meta_value><![CDATA[a:1:{s:23:"mail.additional_headers";a:1:{i:0;a:2:{s:4:"code";i:102;s:4:"args";a:3:{s:7:"message";s:51:"Invalid mailbox syntax is used in the %name% field.";s:6:"params";a:1:{s:4:"name";s:8:"Reply-To";}s:4:"link";s:68:"https://contactform7.com/configuration-errors/invalid-mailbox-syntax";}}}}]]></wp:meta_value>
		</wp:postmeta>
	</item>
</channel>
</rss>
