{"sidebar-1":{"search-2":{"title":""},"recent-posts-2":{"title":"","number":5},"recent-comments-2":{"title":"","number":5},"archives-2":{"title":"","count":0,"dropdown":0},"categories-2":{"title":"","count":0,"hierarchical":0,"dropdown":0},"meta-2":{"title":""}},"top-left":{"custom_html-2":{"title":"","content":"<p class=\"thirteen columns left\">Free Call +1 1234 5678 <span>123 sixth avenue, Boston, Bt56478<\/span><\/p>\r\n<p class=\"three columns\"><i class=\"fa fa-phone\"><\/i><\/p>"}},"top-right":{"custom_html-3":{"title":"","content":"<p class=\"three columns\"><i class=\"fa fa-clock-o\"><\/i><\/p>\r\n<p class=\"thirteen columns right\">Open Hours\r\n<span>Mon - Sat: 8:00am - 9:00pm Sun:Closed<\/span><\/p>"}},"footer":{"text-2":{"title":"About Us","text":"Structure personal participate in ethics training as part of our best practices program and each employee is provided with a skillset that help them makes the best decisions.","filter":true,"visual":true}},"footer-2":{"archives-3":{"title":"Archives","count":0,"dropdown":0}},"footer-3":{"recent-posts-3":{"title":"Recent Posts","number":5,"show_date":false}},"footer-4":{"custom_html-5":{"title":"Contact Details","content":"<ul>\r\n\t<li>14 Tottenham Court Road, London, English<\/li>\r\n\t<li>(102) 6666 8888<\/li>\r\n\t<li>info@zooka.io<\/li>\r\n\t<li>(102) 8888 9999<\/li>\r\n\t<li>Mon - Sat: 9:00 - 18:00<\/li>\r\n<\/ul>"}},"footer-nav":{"custom_html-6":{"title":"","content":"<ul>\r\n\t<li><a href=\"#\"><i class=\"fa fa-facebook\"><\/i><\/a><\/li>\r\n\t<li><a href=\"#\"><i class=\"fa fa-twitter\"><\/i><\/a><\/li>\r\n\t<li><a href=\"#\"><i class=\"fa fa-pinterest\"><\/i><\/a><\/li>\r\n\t<li><a href=\"#\"><i class=\"fa fa-envelope\"><\/i><\/a><\/li>\t\r\n\t<li><a href=\"#\"><i class=\"fa fa-youtube\"><\/i><\/a><\/li>\r\n\t\r\n<\/ul>"}}}